end_time:long|start_time:long|id2:long|id1:long
1672531200000|1640995200000|4891190670301082260|4806185227334464380
1672531200000|1640995200000|4891190670301082260|4894568370021610338
1672531200000|1640995200000|4891190670301082260|4876553971512128412
1672531200000|1640995200000|4891190670301082260|4869517097094361760
1672531200000|1640995200000|4891190670301082260|4881901996069630796
1672531200000|1640995200000|4891190670301082260|4877116921465549676
1672531200000|1640995200000|4676988213024274164|4899916394579113914
1672531200000|1640995200000|4821666351053553660|4881339046116212874
1672531200000|1640995200000|4830673550308290026|4643774165772414426
1672531200000|1640995200000|4891190670301082260|4758053006316942190
1672531200000|1640995200000|4694721136557037087|4713017010043229749
1672531200000|1640995200000|4868391197187506662|4899916394579100190
1672531200000|1640995200000|4894568370021597545|4869235622117638406
1672531200000|1640995200000|4891190670301082260|4826451425657631650
1672531200000|1640995200000|4891190670301082260|4711046685206262686
