end_time:long|start_time:long|id:long
1672531200000|1640995200000|4891190670301082260
1672531200000|1640995200000|99079191802151398
1672531200000|1640995200000|286260051314745075
1672531200000|1640995200000|240942580064328271
1672531200000|1640995200000|4809844402031696079
1672531200000|1640995200000|4862761697653299295
1672531200000|1640995200000|4906671794020161741
1672531200000|1640995200000|218143106950763621
1672531200000|1640995200000|4698661786230986518
1672531200000|1640995200000|4836303049842497312
1672531200000|1640995200000|4842214024353421114
1672531200000|1640995200000|4857695148072507477
1672531200000|1640995200000|4865576447420405964
1672531200000|1640995200000|4868391197187512497
1672531200000|1640995200000|4868954147140933761
